date,benchmark_return
2018-01-01,0.01076517097533991
2018-01-02,0.005173757219934263
2018-01-03,-0.008824047131955955
2018-01-04,0.005825690608695446
2018-01-05,-0.02702912504558281
2018-01-08,0.02263091937631409
2018-01-09,-0.0014709866573748365
2018-01-10,-0.001225462303009987
2018-01-11,-0.020608086362421747
2018-01-12,0.009517703356563358
2018-01-15,-0.019435096567427666
2018-01-16,0.020158044146485535
2018-01-17,0.018095212641861466
2018-01-18,-0.006576441698189829
2018-01-19,0.005416698085780744
2018-01-22,-0.0011846398961427077
2018-01-23,-0.02829033723231444
2018-01-24,0.029020693556058914
2018-01-25,0.00036463167642472073
2018-01-26,-0.009563427103756558
2018-01-29,0.011190234277423298
2018-01-30,-0.0037362358274993833
2018-01-31,0.014334645300958852
2018-02-01,0.003837899754716312
2018-02-02,0.00461507575782511
2018-02-05,-1.695396253804471e-05
2018-02-06,0.00016774429066619906
2018-02-07,0.00820502626808719
2018-02-08,0.02201763936393964
2018-02-09,-0.0025716702821282278
2018-02-12,-0.0028536938448347295
2018-02-13,0.0024012946700237283
2018-02-14,0.002436474559711318
2018-02-15,0.0076871506789488436
2018-02-16,0.002225350747916093
2018-02-19,0.027652109912540693
2018-02-20,-0.0077389110191943495
2018-02-21,-0.0006086389658389833
2018-02-22,-0.012348619051231982
2018-02-23,0.010577257502339616
2018-02-26,0.0015610946104604264
2018-02-27,-0.0032650950335585214
2018-02-28,-0.0017421685683048956
2018-03-01,-0.0023711677144901445
2018-03-02,-0.013598984346686991
2018-03-05,-0.015578192258822697
2018-03-06,0.012849230991865494
2018-03-07,0.01983063638265137
2018-03-08,0.019654357081167136
2018-03-09,0.002282419569993902
2018-03-12,-0.01157783110849665
2018-03-13,-0.004143050536432285
2018-03-14,0.007880594558550728
2018-03-15,0.025720226375133107
2018-03-16,0.009483022198103121
2018-03-19,0.013331992644217335
2018-03-20,-0.015899810158602347
2018-03-21,0.008556503262479668
2018-03-22,0.0036201278666592313
2018-03-23,0.0088282439324948
2018-03-26,0.00505387526441045
2018-03-27,-0.004673790121143032
2018-03-28,-0.0030287802971315425
2018-03-29,-0.003382044847923535
2018-03-30,0.021130870227987944
2018-04-02,0.020382035265742976
2018-04-03,-0.00626264181702658
2018-04-04,-0.005527211205756956
2018-04-05,0.022043473484981632
2018-04-06,0.015819250087651837
2018-04-09,0.005766985727304617
2018-04-10,0.017688648970151263
2018-04-11,0.020147400116090158
2018-04-12,0.007195615191739943
2018-04-13,0.029313616495213596
2018-04-16,0.003162541716977508
2018-04-17,0.017046201566384006
2018-04-18,0.0014498950811410562
2018-04-19,0.01719842688948812
2018-04-20,-0.0006196126003502615
2018-04-23,-0.0011282558874528012
2018-04-24,0.018412499789413627
2018-04-25,0.0260879417452272
2018-04-26,0.02159238847171181
2018-04-27,0.0023827058655522164
2018-04-30,-0.022147491332877675
2018-05-01,0.0023352371821546386
2018-05-02,0.0015250601500648234
2018-05-03,-0.013865319805694566
2018-05-04,-0.023065974097834906
2018-05-07,0.01300385077145775
2018-05-08,-0.0012661380838273437
2018-05-09,0.008435338536430317
2018-05-10,-0.015582569471541316
2018-05-11,-0.019069138330468055
2018-05-14,0.008871928649192402
2018-05-15,0.0026485781203770308
2018-05-16,-0.0071083042373261554
2018-05-17,0.004240593893031858
2018-05-18,-0.01098840486510345
2018-05-21,0.010576162480418703
2018-05-22,-0.0038472300859703082
2018-05-23,-0.0001092953409390638
2018-05-24,0.019882174274958073
2018-05-25,0.006365266816869331
2018-05-28,-0.016465569060057396
2018-05-29,-0.009760557763261977
2018-05-30,0.017489448919052443
2018-05-31,-0.0029950224449858784
2018-06-01,-0.014118028143560023
2018-06-04,0.01257712654527144
2018-06-05,0.0057425937276253305
2018-06-06,-0.010374371694498999
2018-06-07,-0.002428479885114979
2018-06-08,-0.006301616164381562
2018-06-11,-0.007500053536562139
2018-06-12,-0.012297096078902392
2018-06-13,-0.003107646471037548
2018-06-14,-0.012145493750296436
2018-06-15,0.00906382129967362
2018-06-18,-0.006283327073436363
2018-06-19,0.026844061846452272
2018-06-20,-0.016564335286130237
2018-06-21,0.002312543129482895
2018-06-22,-0.003036010552673235
2018-06-25,0.01135935211924662
2018-06-26,-0.008583006290331463
2018-06-27,-0.0005497695613801382
2018-06-28,0.0024540443557229
2018-06-29,-0.0008558248514426289
2018-07-02,-0.018339552647033876
2018-07-03,0.030779243830793487
2018-07-04,-0.004094629827219226
2018-07-05,-0.004247342919765725
2018-07-06,0.015042198379965926
2018-07-09,-0.0031939608876720735
2018-07-10,-0.0036419319015336257
2018-07-11,-0.002580301241410108
2018-07-12,0.014042529832640933
2018-07-13,-0.004178047281213236
2018-07-16,-0.0009638040580687308
2018-07-17,0.010230998909734387
2018-07-18,-0.010320224604131283
2018-07-19,0.0014237516104436882
2018-07-20,0.00546216009643628
2018-07-23,-0.013735825935406419
2018-07-24,-0.01249351499967235
2018-07-25,-0.006453393199334269
2018-07-26,-0.021272043845297024
2018-07-27,-0.010976054483666122
2018-07-30,0.0298970242285918
2018-07-31,0.003454090773035044
2018-08-01,-0.00609892107552689
2018-08-02,0.015490364234628877
2018-08-03,0.00201459254782069
2018-08-06,0.014653429085606271
2018-08-07,-0.002362255229953412
2018-08-08,-0.015481297018101421
2018-08-09,0.00586604964385236
2018-08-10,0.016742808825762758
2018-08-13,0.005409083915391675
2018-08-14,0.005754567243891647
2018-08-15,0.003511080918087741
2018-08-16,0.011488239964019082
2018-08-17,0.02848790888611194
2018-08-20,0.008456741179800371
2018-08-21,0.004133464895273274
2018-08-22,-0.0201024958952803
2018-08-23,0.0102970160095868
2018-08-24,0.009362470367104282
2018-08-27,-0.014529892080339925
2018-08-28,-0.011776928430425335
2018-08-29,0.014622291251359392
2018-08-30,-0.015267734945291432
2018-08-31,-0.010877777063574354
2018-09-03,-0.01564778215397084
2018-09-04,0.013274856210398148
2018-09-05,-0.010035964434413762
2018-09-06,0.01044580401250504
2018-09-07,-0.01897034081036727
2018-09-10,0.021371944234723644
2018-09-11,0.006242320009617034
2018-09-12,0.007020639722958685
2018-09-13,0.003924611673154342
2018-09-14,-0.022816845120912154
2018-09-17,-0.01838445827161663
2018-09-18,-0.015394486828668556
2018-09-19,-0.006164004023798426
2018-09-20,0.014668781168761769
2018-09-21,-0.006536600595568152
2018-09-24,-0.009900157672628663
2018-09-25,0.014710302629201238
2018-09-26,-0.01785345398324112
2018-09-27,0.01755275354412612
2018-09-28,-0.00692902076478338
2018-10-01,-0.01638464819229936
2018-10-02,-0.010503730238445586
2018-10-03,0.015684108635700553
2018-10-04,-0.007176918207818227
2018-10-05,-0.018976280436980072
2018-10-08,0.02486833648323467
2018-10-09,-0.0054393681631938725
2018-10-10,-0.021812540345197983
2018-10-11,-0.007982070073164385
2018-10-12,-0.0010246822877497891
2018-10-15,-0.020107549835242166
2018-10-16,0.009697658355969892
2018-10-17,-0.0024404398957532315
2018-10-18,0.0120904745854569
2018-10-19,0.008536905528075714
2018-10-22,-0.01816620620376368
2018-10-23,0.00041345507837237984
2018-10-24,-0.00323091484698275
2018-10-25,-0.00878740616023885
2018-10-26,0.0011135403376075987
2018-10-29,0.0035199893736719227
2018-10-30,0.01637069779950886
2018-10-31,0.030877787027947128
2018-11-01,-0.028462382254682995
2018-11-02,0.0007114641006824582
2018-11-05,0.0022203794135564857
2018-11-06,-0.019472527254504532
2018-11-07,0.009142044913971158
2018-11-08,-0.003717192676851643
2018-11-09,0.002286725016220249
2018-11-12,-0.0037753159274200305
2018-11-13,-0.02132547653617726
2018-11-14,0.004349613945391803
2018-11-15,0.010790547298017431
2018-11-16,-0.007088942968586061
2018-11-19,0.007065596977691454
2018-11-20,-0.0027315540324469776
2018-11-21,-0.007400693690445128
2018-11-22,-0.002386787281152181
2018-11-23,0.012321290198781898
2018-11-26,-0.0048480453898247095
2018-11-27,0.004766441913916269
2018-11-28,-0.0057304368833261225
2018-11-29,-0.00031287441850668014
2018-11-30,-0.015484764352998732
2018-12-03,0.008715823156912581
2018-12-04,-0.018266368740938572
2018-12-05,-0.004400821257212819
2018-12-06,0.004137239517736632
2018-12-07,0.0013476699190538583
2018-12-10,0.013383498425697301
2018-12-11,0.00023980328651464883
2018-12-12,-0.015569257546996966
2018-12-13,-0.013337902902643067
2018-12-14,-0.00880803604894019
2018-12-17,0.006035309253749202
2018-12-18,0.003896172533176169
2018-12-19,0.009969148999568958
2018-12-20,-0.009760691740494872
2018-12-21,0.01690081459069346
2018-12-24,0.0007753387384116398
2018-12-25,-0.00010948647837360354
2018-12-26,-0.0035360288390839482
2018-12-27,-0.016176312321510903
2018-12-28,0.00045699315480617064
2018-12-31,-0.011772952380704428
2019-01-01,0.0026404379143781173
2019-01-02,-0.012522868852986261
2019-01-03,-0.0033673497160204846
2019-01-04,0.005330760290506515
2019-01-07,-0.00667739278874061
2019-01-08,-0.001974820529956114
2019-01-09,0.0047175718939965455
2019-01-10,0.002442444025309772
2019-01-11,0.007786229819751749
2019-01-14,-0.008856708830437071
2019-01-15,-0.01778108692294513
2019-01-16,0.00209537826109935
2019-01-17,0.000522980346376393
2019-01-18,-0.005626619639808599
2019-01-21,0.01062803186275192
2019-01-22,0.018028077544957513
2019-01-23,0.014019234145285263
2019-01-24,0.01647200021042377
2019-01-25,0.00012173209169187734
2019-01-28,0.01855751858979896
2019-01-29,-0.00352514851317451
2019-01-30,0.003704575987061393
2019-01-31,0.016661952222586533
2019-02-01,-0.0017087463281234422
2019-02-04,-0.0009097991879163793
2019-02-05,0.011420643805803809
2019-02-06,0.009065170074863621
2019-02-07,-0.01745863332454606
2019-02-08,-0.008384687606825985
2019-02-11,-0.021762803861823565
2019-02-12,-0.005727235226724336
2019-02-13,-0.01006485504311424
2019-02-14,-0.002892104772751895
2019-02-15,0.01083458706093036
2019-02-18,0.011998470915540824
2019-02-19,-0.007550123514233518
2019-02-20,-0.0031226062749933484
2019-02-21,-0.008456901868005587
2019-02-22,0.012345432638127145
2019-02-25,0.0037171755540690724
2019-02-26,-0.010830029890671961
2019-02-27,5.05705352698959e-05
2019-02-28,-0.0035886312288114664
2019-03-01,-0.008404214088064802
2019-03-04,0.01304381235740645
2019-03-05,-0.0019957856216618356
2019-03-06,0.004167902758817473
2019-03-07,-0.009355586813462553
2019-03-08,0.012579000887916098
2019-03-11,-0.032057948327860374
2019-03-12,0.0007835804696637982
2019-03-13,0.006961925189338009
2019-03-14,0.014255883638973286
2019-03-15,-0.0054829983077987554
2019-03-18,0.022318555489337144
2019-03-19,-0.013375158772630923
2019-03-20,0.008511227008285657
2019-03-21,0.010867395574069077
2019-03-22,0.023911600446783237
2019-03-25,-0.002004607641944529
2019-03-26,0.02057923957458509
2019-03-27,-0.007229798822591329
2019-03-28,0.012059862035010544
2019-03-29,-0.002643657494065995
2019-04-01,0.005266526946528844
2019-04-02,-0.019017565421494024
2019-04-03,-0.01033503260917543
2019-04-04,-0.02441295911107094
2019-04-05,0.0033218666797240805
2019-04-08,-0.004914880943804357
2019-04-09,0.0030071055496741017
2019-04-10,-0.004855099467940526
2019-04-11,-0.010919452184382786
2019-04-12,0.010152936805050281
2019-04-15,-0.00935127660094812
2019-04-16,-0.00013973142051393176
2019-04-17,0.015537407984884993
2019-04-18,0.030083898711818997
2019-04-19,0.0032337964886407587
2019-04-22,0.0012139565277620775
2019-04-23,-0.012214608863902673
2019-04-24,-0.029009867933303932
2019-04-25,-0.007971044887041432
2019-04-26,0.00584779533066576
2019-04-29,-0.012830706893969293
2019-04-30,-0.0022987022219201703
2019-05-01,0.013602608756443287
2019-05-02,0.013166683772878713
2019-05-03,0.010351078297901616
2019-05-06,-0.010729081396740801
2019-05-07,-0.006290984922053738
2019-05-08,-0.005040811385448981
2019-05-09,0.0015394719272755766
2019-05-10,0.0071609433630604805
2019-05-13,0.007275724237014223
2019-05-14,0.0030123516720938362
2019-05-15,-0.012731927486127234
2019-05-16,0.005601145948879135
2019-05-17,0.021706975471540234
2019-05-20,0.004433102161946131
2019-05-21,-0.01642707192243104
2019-05-22,-0.01732683444237499
2019-05-23,-0.003947978398766186
2019-05-24,-0.002638350822931875
2019-05-27,-0.0202125732679907
2019-05-28,-0.010742851111198451
2019-05-29,0.0012183596886371647
2019-05-30,-0.007599391478426374
2019-05-31,-0.0015913910828282596
2019-06-03,-0.003966640441012286
2019-06-04,0.000694933316934104
2019-06-05,0.011931083884292018
2019-06-06,0.010293487957180512
2019-06-07,0.009994026431400875
2019-06-10,-0.0018194642673538836
2019-06-11,0.021965067776114736
2019-06-12,-0.011493405776097409
2019-06-13,-0.012802628449448922
2019-06-14,0.009140640383448442
2019-06-17,-0.013557525400782935
2019-06-18,0.030756134337743487
2019-06-19,0.004019630479311938
2019-06-20,-0.002055522813662716
2019-06-21,0.020573929179784192
2019-06-24,0.014612169097476237
2019-06-25,-0.010693620544782234
2019-06-26,0.0017262727879554388
2019-06-27,-0.008258462452183235
2019-06-28,-0.013573116333084436
2019-07-01,-0.008744841476104683
2019-07-02,-0.013263316818215753
2019-07-03,-0.003800263778636963
2019-07-04,-4.60059205843826e-05
2019-07-05,-0.008123810134595247
2019-07-08,0.008174447983743326
2019-07-09,0.015272159072282323
2019-07-10,-0.00496437504069702
2019-07-11,0.012376875826145203
2019-07-12,-0.018171118336260225
2019-07-15,-0.017880664367467124
2019-07-16,-0.006503790614728203
2019-07-17,0.023686371670777834
2019-07-18,0.011207925811875075
2019-07-19,-0.004568463981919059
2019-07-22,0.000510583975795913
2019-07-23,0.0007350602343744218
2019-07-24,-0.0015159111043853114
2019-07-25,-0.016837228430242213
2019-07-26,-0.01943447091012171
2019-07-29,0.021394152065708546
2019-07-30,0.004945446719329291
2019-07-31,0.030683323967890003
2019-08-01,0.013852394549850594
2019-08-02,-0.008189005995876863
2019-08-05,0.014293540041283356
2019-08-06,-0.0016550698172149462
2019-08-07,0.021054498319636013
2019-08-08,-0.012967198649362997
2019-08-09,-0.00923066652018312
2019-08-12,0.015313805968900123
2019-08-13,-0.03123844430850123
2019-08-14,0.009550852832286003
2019-08-15,-0.009618168419382074
2019-08-16,-0.006453857590059614
2019-08-19,-0.009782399793839491
2019-08-20,-0.007886857160575864
2019-08-21,-0.016767270459151707
2019-08-22,0.014361931339596809
2019-08-23,-0.004122613272597648
2019-08-26,0.011595025718701827
2019-08-27,-0.000407149209583269
2019-08-28,0.008672725027121082
2019-08-29,-0.0013384199322361767
2019-08-30,3.9935424123970376e-05
2019-09-02,0.0003432586419885495
2019-09-03,-0.030091717807472274
2019-09-04,0.010894864073832666
2019-09-05,-0.014934172770372926
2019-09-06,-0.0039019497729696163
2019-09-09,-0.006941338007698347
2019-09-10,-0.0020150599266771157
2019-09-11,-0.0029095769498012993
2019-09-12,-0.01798445239721883
2019-09-13,0.013437025046365656
2019-09-16,-0.014227953906110622
2019-09-17,-0.011524594633806035
2019-09-18,0.0036066933836008397
2019-09-19,0.0044283799395218254
2019-09-20,0.008082747759882221
2019-09-23,-0.009988702727740464
2019-09-24,0.013163275380834397
2019-09-25,-0.0041542383635536015
2019-09-26,-0.008374611778992135
2019-09-27,0.002531023451176342
2019-09-30,-0.0019477038378189421
2019-10-01,-0.010491451563145324
2019-10-02,-0.005226379823340186
2019-10-03,-0.001984476603884985
2019-10-04,-0.00958471213459745
2019-10-07,0.008780478651321724
2019-10-08,0.003007088889819764
2019-10-09,-0.030278544110050373
2019-10-10,0.012676101705920626
2019-10-11,0.0004262473014533001
2019-10-14,0.004138196347657287
2019-10-15,0.0095769697423164
2019-10-16,-0.007364805085396549
2019-10-17,0.014462519076444564
2019-10-18,-0.012249278506371968
2019-10-21,-0.020472576105747757
2019-10-22,-0.00792472802901175
2019-10-23,0.009923009889591636
2019-10-24,0.013396422341592468
2019-10-25,0.0031400325673139424
2019-10-28,0.017368976886746906
2019-10-29,-0.005456732587517553
2019-10-30,-0.008523677341434801
2019-10-31,0.0005400461984764165
2019-11-01,-0.013683302459168968
2019-11-04,0.0004889598824544244
2019-11-05,-0.018032897299868966
2019-11-06,-0.006096350445834462
2019-11-07,0.010669604596502368
2019-11-08,-0.012849207219895088
2019-11-11,0.009308971220417801
2019-11-12,-0.022445520798558025
2019-11-13,0.0018608296879387368
2019-11-14,0.0005508898302097696
2019-11-15,-0.004847079108094923
2019-11-18,0.0005790322444720686
2019-11-19,-0.007900724915892953
2019-11-20,0.0010322128760564444
2019-11-21,0.008283706369326047
2019-11-22,-0.0011409255245352903
2019-11-25,0.0018195420074720494
2019-11-26,-0.0015166076560787847
2019-11-27,0.007233955927841344
2019-11-28,-0.024816013174426645
2019-11-29,0.008673843634620954
2019-12-02,0.000868062604996888
2019-12-03,-0.046332009991247425
2019-12-04,-0.016549558288654755
2019-12-05,-0.007094946353264787
2019-12-06,-0.010740917644120506
2019-12-09,0.006664082663825641
2019-12-10,0.011291675767084891
2019-12-11,-0.011861566383099492
2019-12-12,-0.0025975009440357463
2019-12-13,0.0042671411218961515
2019-12-16,-0.026240022129795294
2019-12-17,-0.007091698241552864
2019-12-18,0.013023424922726706
2019-12-19,-0.011768705719464131
2019-12-20,-0.004838585862887513
2019-12-23,-0.010361237087528402
2019-12-24,0.010854838628312657
2019-12-25,-0.006709097998848723
2019-12-26,-0.010748491098121128
2019-12-27,-0.022480765332208268
2019-12-30,-0.029007697265809568
2019-12-31,-0.002008145792179717
2020-01-01,-0.015313172791924515
2020-01-02,-0.03193999842999812
2020-01-03,-0.017358109600923887
2020-01-06,-0.002788491470867424
2020-01-07,0.00886310554303014
2020-01-08,0.0006207672347814984
2020-01-09,-0.0029140570759165043
2020-01-10,0.014336920026931668
2020-01-13,-0.010167852249896577
2020-01-14,0.012466581724259341
2020-01-15,-0.001775356735782727
2020-01-16,-0.011732179190274007
2020-01-17,-0.013490554804352678
2020-01-20,-0.017066626914162122
2020-01-21,0.008769565051916799
2020-01-22,-0.000619221984612315
2020-01-23,-0.016746224277606213
2020-01-24,0.004453806629468483
2020-01-27,0.00032986471901585014
2020-01-28,-0.007421929901943272
2020-01-29,-0.01403838810151425
2020-01-30,-0.0337743657808867
2020-01-31,0.007804920329687515
2020-02-03,-0.009224065466764745
2020-02-04,0.013782322785203083
2020-02-05,-0.006157207225971508
2020-02-06,-0.00810278494216566
2020-02-07,0.001572157314532822
2020-02-10,0.019374306697625493
2020-02-11,0.014290537333383252
2020-02-12,0.0017594034199335138
2020-02-13,-0.0009093295478085987
2020-02-14,0.00837903434561918
2020-02-17,-0.02129472392442909
2020-02-18,0.01626862352498989
2020-02-19,0.020253437149264933
2020-02-20,-0.011845459810509794
2020-02-21,-0.02468577814355402
2020-02-24,0.0149889754791518
2020-02-25,-0.00771285032733438
2020-02-26,-0.0015054582487793056
2020-02-27,-0.0050877317350281216
2020-02-28,0.0019227382474181279
2020-03-02,-0.010309733901940274
2020-03-03,0.010216995412965231
2020-03-04,0.014803864693798775
2020-03-05,-0.01369703881996848
2020-03-06,-0.01342641625699394
2020-03-09,0.004182682758056625
2020-03-10,0.0011913449901851207
2020-03-11,0.009267725697631516
2020-03-12,-0.010717250510932095
2020-03-13,0.007532760423333722
2020-03-16,0.0008933360688970783
2020-03-17,0.013818869469451218
2020-03-18,0.009959459890427205
2020-03-19,-0.005901387179658303
2020-03-20,0.011591702726477675
2020-03-23,-0.018062367264900483
2020-03-24,0.00102395972947487
2020-03-25,-0.018423863959355913
2020-03-26,0.010726473884543798
2020-03-27,-0.002533816233288553
2020-03-30,-5.882551229517176e-05
2020-03-31,0.006142302459311659
2020-04-01,-0.011751713625747376
2020-04-02,-0.010135739528895306
2020-04-03,-0.009197404833177273
2020-04-06,0.010830484982419935
2020-04-07,-0.006795672144448064
2020-04-08,-0.016162164082291094
2020-04-09,0.003934338685886632
2020-04-10,0.001580699374156547
2020-04-13,-0.017261190576609492
2020-04-14,-0.012441926060884848
2020-04-15,0.0007976734857010684
2020-04-16,-0.0036441906870672957
2020-04-17,-0.0043021558309276915
2020-04-20,-0.017412953291294286
2020-04-21,0.004412330400284571
2020-04-22,-0.005308693446271335
2020-04-23,0.0027132512952255604
2020-04-24,0.024182481586226448
2020-04-27,-0.0006741346371088967
2020-04-28,0.0002050403798407787
2020-04-29,-0.020193085283742016
2020-04-30,-0.003940862469103039
2020-05-01,0.02417308051342588
2020-05-04,0.0319879595519987
2020-05-05,-0.01776989979645084
2020-05-06,-0.005812458615139962
2020-05-07,0.019347192932750848
2020-05-08,-0.028972638552869582
2020-05-11,0.014399610387047802
2020-05-12,0.00894132401995423
2020-05-13,-0.005099893155649828
2020-05-14,0.0004307586388446539
2020-05-15,0.007704313335467811
2020-05-18,0.004801883845907669
2020-05-19,0.0042906031954875745
2020-05-20,0.02230037589680624
2020-05-21,0.007012190984845282
2020-05-22,0.005677192066676828
2020-05-25,-0.017880367104369826
2020-05-26,-0.013182651368677965
2020-05-27,0.02065277322241372
2020-05-28,-0.002248599828589033
2020-05-29,0.011248086956992753
2020-06-01,0.015965787320553794
2020-06-02,-0.016289375805902458
2020-06-03,-0.025801749496818766
2020-06-04,-0.010023381340518613
2020-06-05,0.0379931075674441
2020-06-08,-0.0034625193064849614
2020-06-09,0.019625571642827487
2020-06-10,-0.01589790665459408
2020-06-11,0.009580388389011797
2020-06-12,-0.025507001393948785
2020-06-15,0.00015982906917421085
2020-06-16,-0.007092628022931052
2020-06-17,-0.011262723793666132
2020-06-18,0.01416525883942578
2020-06-19,0.0009859907519280753
2020-06-22,0.0008402984011381155
2020-06-23,0.0058188293105966935
2020-06-24,-0.004095824655313205
2020-06-25,0.006153548860877428
2020-06-26,-0.0025725490975333494
2020-06-29,-0.025151963474150208
2020-06-30,-0.0038493370891913683
2020-07-01,-0.012104828097531092
2020-07-02,-0.007187990039559896
2020-07-03,-0.015912864220897924
2020-07-06,-0.0056250926304879665
2020-07-07,-0.005119220566494339
2020-07-08,0.01006580536693035
2020-07-09,-0.016895570717249543
2020-07-10,-0.011357346356748598
2020-07-13,-0.009820440104204381
2020-07-14,0.002054177955327758
2020-07-15,0.024719387176645236
2020-07-16,0.005567630847496084
2020-07-17,-0.006149807832210986
2020-07-20,-0.009377481692691926
2020-07-21,-0.000898983387619692
2020-07-22,0.008586617054688831
2020-07-23,-0.002834536408062735
2020-07-24,0.005529587209889893
2020-07-27,-0.008639112578855187
2020-07-28,0.02207478923903923
2020-07-29,-0.00977654958494749
2020-07-30,-0.008354022497645145
2020-07-31,0.0056913310015854045
2020-08-03,-0.017549902727066722
2020-08-04,0.002868710900898335
2020-08-05,-0.02215945161991015
2020-08-06,-0.018160795465338983
2020-08-07,-0.0007954921045317158
2020-08-10,0.0001855758336775301
2020-08-11,-0.014579930864286671
2020-08-12,-6.415022755026879e-05
2020-08-13,-0.013489702415170491
2020-08-14,0.013452553605593658
2020-08-17,0.008681108816139923
2020-08-18,0.015906673884413657
2020-08-19,-0.003274640468792467
2020-08-20,-0.006454526971879091
2020-08-21,0.005343723475879148
2020-08-24,-0.0017425624400529234
2020-08-25,-0.008429000782749049
2020-08-26,0.01812306580414788
2020-08-27,0.00013873571056303036
2020-08-28,0.019720380961824564
2020-08-31,-0.0022597536588709662
2020-09-01,-0.019551720931479864
2020-09-02,0.0022154811942745505
2020-09-03,-0.011153728338756193
2020-09-04,0.003977380968219627
2020-09-07,-0.0307732083143465
2020-09-08,-0.0046106861005168805
2020-09-09,0.016285195150142262
2020-09-10,0.005554167538748802
2020-09-11,-0.012907769128091327
2020-09-14,0.0010262779098412045
2020-09-15,-0.008273237449493709
2020-09-16,-0.00160040291167326
2020-09-17,0.019121850525515523
2020-09-18,-0.0013315932975654149
2020-09-21,0.008490163708349381
2020-09-22,0.0006521987279236491
2020-09-23,0.016764399998389055
2020-09-24,-0.0019766321215455235
2020-09-25,0.0001491684679316282
2020-09-28,0.0022271639360106465
2020-09-29,0.0002647768663858515
2020-09-30,-0.002461585748898674
2020-10-01,0.0035974124218703923
2020-10-02,0.024476518012459862
2020-10-05,-0.011911848648896406
2020-10-06,0.0004321988055887623
2020-10-07,0.012209850749713154
2020-10-08,-0.00687282619198836
2020-10-09,0.003443032729288846
2020-10-12,0.011849686028130513
2020-10-13,0.007497438752718612
2020-10-14,0.01687698867749952
2020-10-15,0.00577297772917588
2020-10-16,0.022336402545792097
2020-10-19,0.007457219344976983
2020-10-20,-0.029731244941737685
2020-10-21,-0.0013944784135037492
2020-10-22,-0.00043654981879798216
2020-10-23,0.0024514611414683867
2020-10-26,-0.010210551406619946
2020-10-27,-0.006893497582199519
2020-10-28,-0.002302774379074909
2020-10-29,-0.012013544766369358
2020-10-30,0.014930221004026165
2020-11-02,-0.00808114717222749
2020-11-03,-0.01807251208759144
2020-11-04,-0.01676119814439253
2020-11-05,-0.031039178890061123
2020-11-06,-0.010345906762532614
2020-11-09,0.013620557536896432
2020-11-10,0.0037361267864267095
2020-11-11,-0.009455509015234094
2020-11-12,0.00894190087451385
2020-11-13,0.00550743866399388
2020-11-16,-0.013377742128849712
2020-11-17,-0.008492574750436556
2020-11-18,-0.017275242230466697
2020-11-19,-0.008510787273082836
2020-11-20,-0.008841104735681903
2020-11-23,-0.0038667077767681537
2020-11-24,-0.0124913749763836
2020-11-25,-0.012770199916770768
2020-11-26,0.0002447270642008132
2020-11-27,0.011403340782494253
2020-11-30,0.01436932419124262
2020-12-01,-0.0020083667349500814
2020-12-02,0.0018505992136352341
2020-12-03,-0.00945206725494593
2020-12-04,-0.008956432975671709
2020-12-07,0.006265157012924207
2020-12-08,-0.011144311309883085
2020-12-09,-0.0061717569370955405
2020-12-10,-0.004858696842700391
2020-12-11,-0.009915046632509982
2020-12-14,-0.004132639631683472
2020-12-15,0.012770386809530375
2020-12-16,0.018479540612780253
2020-12-17,-0.0008489406335100273
2020-12-18,0.012287394799320606
2020-12-21,-0.010689307046088448
2020-12-22,6.734956583925113e-05
2020-12-23,-0.014910557264628047
2020-12-24,-0.017013395383796884
2020-12-25,0.004150074931806543
2020-12-28,0.003510636950770354
2020-12-29,-0.003679848882525947
2020-12-30,0.0050923665001358755
2020-12-31,0.005476006607892769
2021-01-01,0.025350665717501938
2021-01-04,-0.01353878317883244
2021-01-05,0.02029537544743313
2021-01-06,0.007178868928594699
2021-01-07,0.005819491343606538
2021-01-08,-0.0038959391226479805
2021-01-11,-0.007342395739511783
2021-01-12,0.004320844965308017
2021-01-13,0.014664607011137847
2021-01-14,-4.674551591058937e-06
2021-01-15,0.01009415508741968
2021-01-18,-0.013942997700882063
2021-01-19,-0.02530526038667648
2021-01-20,-0.0014625156040355414
2021-01-21,-0.007999794680347883
2021-01-22,-0.0046967229519003185
2021-01-25,0.0014465734506841567
2021-01-26,0.0069374544715142756
2021-01-27,0.0056031478119955595
2021-01-28,0.016373865940681603
2021-01-29,0.01390946292299603
2021-02-01,0.009255332685978975
2021-02-02,-0.004125898121230801
2021-02-03,0.01665784893895044
2021-02-04,-0.0003956469227545901
2021-02-05,-0.014355475274854819
2021-02-08,0.0015759278150142976
2021-02-09,-0.0016638761097162405
2021-02-10,-0.0011607720372549517
2021-02-11,0.0048599038853672505
2021-02-12,0.002568428456791905
2021-02-15,0.025395196479833855
2021-02-16,-0.020185299950225853
2021-02-17,0.020827097953878635
2021-02-18,-0.013172523905048323
2021-02-19,0.002376778711165764
2021-02-22,0.0006205614820837847
2021-02-23,-0.0093128300816573
2021-02-24,0.002862206986584434
2021-02-25,0.009609824440889217
2021-02-26,-0.02432891158753803
2021-03-01,-0.010074032654041857
2021-03-02,-0.009089910139251943
2021-03-03,-0.020732066832699656
2021-03-04,-0.003991741828265106
2021-03-05,0.009341676588518373
2021-03-08,-0.02266427014121624
2021-03-09,-0.019584320529803603
2021-03-10,0.015676367646709793
2021-03-11,0.009765138210342687
2021-03-12,0.006219366355117298
2021-03-15,-0.003435758062830337
2021-03-16,-0.007623623126723984
2021-03-17,0.016716918309998288
2021-03-18,-0.006611601508121985
2021-03-19,-0.006683737250166804
2021-03-22,0.005717627500924752
2021-03-23,0.005409362943283202
2021-03-24,-0.012965152662326
2021-03-25,-0.015921588582577386
2021-03-26,-0.0007948180018669654
2021-03-29,-0.013154270415578243
2021-03-30,0.01057284947821008
2021-03-31,0.002009705383319033
2021-04-01,0.005409233518596293
2021-04-02,-0.008784168926908194
2021-04-05,-0.00289650701569991
2021-04-06,0.003126708746419001
2021-04-07,0.0006692922926959106
2021-04-08,0.0023883098901002313
2021-04-09,0.00617619091036347
2021-04-12,-0.002629546962250041
2021-04-13,-0.00117733738592657
2021-04-14,-0.015981373511547305
2021-04-15,-0.013778854481069963
2021-04-16,-0.0013521019336479902
2021-04-19,-0.014906445765205282
2021-04-20,0.004557044347256317
2021-04-21,-0.0033439968557311675
2021-04-22,0.02393263461083957
2021-04-23,-0.01988818232171028
2021-04-26,-0.004976978790617335
2021-04-27,0.019812855716809435
2021-04-28,-0.002219438022417382
2021-04-29,-0.008272014206960296
2021-04-30,0.01886876354850004
2021-05-03,-0.013916994972563473
2021-05-04,-0.002555358282537439
2021-05-05,0.011235823910627607
2021-05-06,-0.019982872154581145
2021-05-07,0.003153916310703737
2021-05-10,-0.007543396759433671
2021-05-11,-0.0006479291563364622
2021-05-12,0.007137461239921461
2021-05-13,-0.004226275571369163
2021-05-14,0.003439817326132799
2021-05-17,0.013944800325261776
2021-05-18,0.008959853026702515
2021-05-19,-0.001372730502561939
2021-05-20,0.005326309100901023
2021-05-21,0.01739093900136223
2021-05-24,0.005843977641049731
2021-05-25,0.0008089849982142166
2021-05-26,0.016292697310292262
2021-05-27,-0.017969988975647725
2021-05-28,-0.0007602815566219662
2021-05-31,0.011159944212695387
2021-06-01,-0.02525514065973248
2021-06-02,-0.010156207230885249
2021-06-03,-0.01428614261127685
2021-06-04,-0.0013707503349984743
2021-06-07,-0.01040029188393556
2021-06-08,-0.0040191914377967364
2021-06-09,-0.004633376458269084
2021-06-10,-0.012809641172428145
2021-06-11,0.012107935598330101
2021-06-14,0.001623980623343708
2021-06-15,0.02060738735936216
2021-06-16,-0.021015212126767796
2021-06-17,0.02566545147271606
2021-06-18,0.013209136963448775
2021-06-21,-0.023603376697638748
2021-06-22,-0.007873434446977296
2021-06-23,-9.924720713338489e-05
2021-06-24,-0.001902207129859319
2021-06-25,-0.004794316646357638
2021-06-28,0.01530059100225882
2021-06-29,0.008991424839277238
2021-06-30,0.006429845408425445
2021-07-01,-0.009626909219702606
2021-07-02,0.01117633293989494
2021-07-05,-0.008298585526549378
2021-07-06,-0.01555974067366624
2021-07-07,0.0011103795839893524
2021-07-08,0.01621379744618965
2021-07-09,-0.01357822467201938
2021-07-12,-0.016430564231318476
2021-07-13,-0.023277907702104732
2021-07-14,0.020301064932341892
2021-07-15,0.0014587653753601985
2021-07-16,-0.01992436046195669
2021-07-19,0.0026936605991739228
2021-07-20,0.0033105444037326475
2021-07-21,0.02138023790225027
2021-07-22,-0.0071460741692994665
2021-07-23,0.00905937060281883
2021-07-26,-0.004249279446811679
2021-07-27,-0.01079432731879786
2021-07-28,0.006302830792588906
2021-07-29,-0.00020717871210725915
2021-07-30,0.007562770055132436
2021-08-02,0.012587502694136091
2021-08-03,0.01982691705524041
2021-08-04,0.007552031512777278
2021-08-05,-0.018356688968828166
2021-08-06,0.005041569626084321
2021-08-09,-0.00722997408564596
2021-08-10,0.011447727725698763
2021-08-11,-0.0037945007013639423
2021-08-12,0.0015334418403043816
2021-08-13,0.019670499080910887
2021-08-16,0.030089943650289257
2021-08-17,-0.0013142754178334373
2021-08-18,-0.017574818706642396
2021-08-19,-0.009156514503866425
2021-08-20,-0.004836932572785394
2021-08-23,0.02544681116609944
2021-08-24,-0.012618600147711448
2021-08-25,-0.01593333455449157
2021-08-26,-0.011871417393132785
2021-08-27,-0.010300970853930206
2021-08-30,-0.016590094541748826
2021-08-31,0.013495311826008076
2021-09-01,0.009307084580694755
2021-09-02,-0.009126287664162238
2021-09-03,-0.014845052965100277
2021-09-06,-0.003175455882841029
2021-09-07,-0.007620830703298821
2021-09-08,0.002868707808863273
2021-09-09,0.018774432687657244
2021-09-10,0.011236970331857134
2021-09-13,-0.0055677604621267715
2021-09-14,-0.003135621375596586
2021-09-15,0.0035728389053047227
2021-09-16,-0.01837817466327387
2021-09-17,-0.0012912413007391682
2021-09-20,-0.008056584164079224
2021-09-21,-0.004685417065671077
2021-09-22,0.008308734687584762
2021-09-23,-0.0104810600365977
2021-09-24,-0.012934651012856003
2021-09-27,-0.004626126416852911
2021-09-28,0.00807313537678507
2021-09-29,-0.007591743995662199
2021-09-30,-0.004043472471742751
2021-10-01,-0.0005138471385316236
2021-10-04,-0.019553514867585782
2021-10-05,0.013443361097690038
2021-10-06,0.004909603868120976
2021-10-07,0.006217404423767244
2021-10-08,-0.00743394570070371
2021-10-11,0.0009848126992732797
2021-10-12,-0.015090026387868324
2021-10-13,-0.02254900881331725
2021-10-14,-0.014248054473005844
2021-10-15,-0.006794752765159158
2021-10-18,-0.0056738094163028005
2021-10-19,0.007388087289052484
2021-10-20,-0.014113483493253373
2021-10-21,0.003885963846956465
2021-10-22,0.016491367603065042
2021-10-25,-0.006580619135636646
2021-10-26,-0.0018685310650265394
2021-10-27,0.00801893103916992
2021-10-28,-0.006614592625322289
2021-10-29,0.005902433137182881
2021-11-01,-0.004986358534310719
2021-11-02,-0.0061838099966783095
2021-11-03,-0.00375080720892702
2021-11-04,0.008855673271561715
2021-11-05,0.0034405349285726843
2021-11-08,0.007974284664109474
2021-11-09,0.0022724042528662206
2021-11-10,-0.00228130743176266
2021-11-11,-0.002684401290276193
2021-11-12,0.006516187021573958
2021-11-15,-0.004248621015445507
2021-11-16,0.005859255646245056
2021-11-17,0.015394891159937026
2021-11-18,-0.00612740986311059
2021-11-19,0.00015559960223695928
2021-11-22,0.00180866461717385
2021-11-23,-0.004490717413717274
2021-11-24,0.007894028004763918
2021-11-25,0.009165867703595497
2021-11-26,0.035059139334251616
2021-11-29,0.0027752982429325376
2021-11-30,0.017373425668290077
2021-12-01,-0.0022470339136672207
2021-12-02,0.016546195590473843
2021-12-03,0.014841971302066704
2021-12-06,0.005327851306261185
2021-12-07,0.016532682189177743
2021-12-08,0.014477150922355063
2021-12-09,0.0012345033771086152
2021-12-10,0.003825156431841117
2021-12-13,0.00022740379673259238
2021-12-14,0.00838346144168149
2021-12-15,-0.015961184529972375
2021-12-16,-0.0031320901509104392
2021-12-17,0.007307532177831222
2021-12-20,0.021739206809439558
2021-12-21,0.0019823288263454567
2021-12-22,0.005703314006781534
2021-12-23,0.004319600521615453
2021-12-24,-0.022802657883508257
2021-12-27,0.005220645591119844
2021-12-28,-0.013242312490054803
2021-12-29,7.17819704606536e-05
2021-12-30,-0.0018447636476305283
2021-12-31,0.02056882194839703
2022-01-03,-0.0008442049199038973
2022-01-04,0.02297109040587989
2022-01-05,-0.004445950604053587
2022-01-06,0.010237154816637
2022-01-07,-0.013215030932503657
2022-01-10,-0.01577181523880774
2022-01-11,0.0068042570784868665
2022-01-12,0.0021836834875805533
2022-01-13,0.02237423872640259
2022-01-14,0.0032471356137642885
2022-01-17,0.001967473884446497
2022-01-18,-0.0029824705001896554
2022-01-19,-0.006942832279530435
2022-01-20,-0.016313540151553247
2022-01-21,-0.004383714880565331
2022-01-24,0.0295992813915205
2022-01-25,0.009717575360635843
2022-01-26,0.0033051539188394246
2022-01-27,0.003134178306495884
2022-01-28,-0.026454525963227008
2022-01-31,0.010798777324116765
2022-02-01,-0.005153251613143308
2022-02-02,-0.015530945570424504
2022-02-03,0.015616579706508898
2022-02-04,-0.004399738416631265
2022-02-07,0.01512049863373611
2022-02-08,-0.010175969348694152
2022-02-09,-0.009605382071067356
2022-02-10,0.018386108215551058
2022-02-11,0.008051516237636532
2022-02-14,-0.021775134327821535
2022-02-15,-0.0007736322168076012
2022-02-16,0.0019750300048296298
2022-02-17,-0.010486425311306929
2022-02-18,0.019621814016026924
2022-02-21,-0.0033054226772578775
2022-02-22,0.015764395792081456
2022-02-23,-0.025913914066920923
2022-02-24,-0.006187518594776325
2022-02-25,0.011481069846589226
2022-02-28,-0.020641677482439204
2022-03-01,-0.007297048673800906
2022-03-02,0.017230345222943706
2022-03-03,0.0007653444748107916
2022-03-04,0.015273658917123897
2022-03-07,0.019816884276191358
2022-03-08,-0.0011142353927644146
2022-03-09,-0.002328766350885426
2022-03-10,0.017241551803469753
2022-03-11,0.009586747816847353
2022-03-14,0.0026216878266754552
2022-03-15,0.0008583917926443185
2022-03-16,0.029215622484523116
2022-03-17,0.012021872476092285
2022-03-18,0.007946713907356268
2022-03-21,0.012264789765660757
2022-03-22,0.020906061671628257
2022-03-23,-0.004732924207898346
2022-03-24,0.01402633568654425
2022-03-25,0.010588940504382917
2022-03-28,-0.01639018187828773
2022-03-29,-0.02434516060762821
2022-03-30,0.0007191053834396898
2022-03-31,-0.011448637859501967
2022-04-01,-0.01577090476089215
2022-04-04,-0.021217954313573706
2022-04-05,0.0055051502897147725
2022-04-06,-0.03114510323807774
2022-04-07,0.003241374380159458
2022-04-08,0.017933970848245426
2022-04-11,0.031844410055690414
2022-04-12,0.0019834801676014494
2022-04-13,-0.002586637707624402
2022-04-14,-0.020890301050543486
2022-04-15,0.002311456572759953
2022-04-18,-0.0009255535493465136
2022-04-19,0.0011488172134111723
2022-04-20,0.011725567310700256
2022-04-21,0.012305100061496424
2022-04-22,0.017578171683769225
2022-04-25,-0.0004390591281852366
2022-04-26,-0.011236775598876526
2022-04-27,-0.0007594381767000013
2022-04-28,0.006285842497748382
2022-04-29,0.012438536322274636
2022-05-02,-0.003997936366252306
2022-05-03,-0.00013963967720981643
2022-05-04,0.018925810099147473
2022-05-05,-0.0025673789063490656
2022-05-06,-0.0057751001445810095
2022-05-09,-0.009323115282906039
2022-05-10,0.0020961041657596904
2022-05-11,-0.011517118328080772
2022-05-12,0.008167688592623037
2022-05-13,0.00453486059502543
2022-05-16,-0.030321878064896838
2022-05-17,-0.008139584170001749
2022-05-18,-0.00883496513633404
2022-05-19,2.9580112360298554e-05
2022-05-20,0.008396582011673485
2022-05-23,0.002181713176304178
2022-05-24,-0.00704241777514252
2022-05-25,0.009614208686836217
2022-05-26,-0.008735058644900347
2022-05-27,0.02772519867178747
2022-05-30,-0.016437321801054266
2022-05-31,0.005945542068182549
2022-06-01,0.0025518244112840557
2022-06-02,-0.025692486645339137
2022-06-03,-0.0040774926817685195
2022-06-06,0.024787463876090612
2022-06-07,3.76354879335454e-05
2022-06-08,-0.012424974224314487
2022-06-09,0.03892543552471267
2022-06-10,0.029124754874184505
2022-06-13,0.004695146970654543
2022-06-14,-0.0045023830332428065
2022-06-15,-0.020827630856135922
2022-06-16,-0.008272048029547402
2022-06-17,0.02937217468528729
2022-06-20,-0.003957659133356125
2022-06-21,-0.00445984337201932
2022-06-22,0.012845097334570892
2022-06-23,-0.017217818505900997
2022-06-24,-0.009737229254803614
2022-06-27,0.01026356071251859
2022-06-28,0.005802887613289842
2022-06-29,-0.014845282665836144
2022-06-30,0.017561629037177593
2022-07-01,0.021111996321127632
2022-07-04,0.008285875205945393
2022-07-05,0.022917088401755225
2022-07-06,-0.009492862189871266
2022-07-07,-0.01050002933258585
2022-07-08,0.029352080347628044
2022-07-11,-0.002650001452216359
2022-07-12,0.00407066530417274
2022-07-13,-0.015236285152518974
2022-07-14,-0.0029038484768890115
2022-07-15,-0.004307131932335367
2022-07-18,-0.015928005791138834
2022-07-19,0.007918331952752372
2022-07-20,-0.010538471568780641
2022-07-21,-0.014401253749169726
2022-07-22,-0.013192545082296071
2022-07-25,0.024364191316875772
2022-07-26,0.03377277755726564
2022-07-27,-0.021271943864417855
2022-07-28,0.016845661678184954
2022-07-29,-0.004316233481463302
2022-08-01,-0.007074364805009992
2022-08-02,0.009212121577163819
2022-08-03,0.023993354551903094
2022-08-04,0.0078447833079787
2022-08-05,-0.022339143374392655
2022-08-08,0.007054075770781641
2022-08-09,0.021610469509726435
2022-08-10,-0.002554518122062163
2022-08-11,0.001731085438337463
2022-08-12,-0.0006518897243379465
2022-08-15,0.018712023033998416
2022-08-16,-0.012965810092721089
2022-08-17,0.007711741432787295
2022-08-18,-0.004452965687160381
2022-08-19,0.0011129887004268039
2022-08-22,-0.016922795536988503
2022-08-23,0.004985789973820856
2022-08-24,-0.004051194941265142
2022-08-25,0.004110020121704104
2022-08-26,0.005496221412423564
2022-08-29,-0.015970335985453044
2022-08-30,0.008568182130672251
2022-08-31,-0.007684064070632251
2022-09-01,0.015516744398962267
2022-09-02,0.013683093722213234
2022-09-05,0.004533468490870319
2022-09-06,-0.002853985853250575
2022-09-07,0.0004592136604441258
2022-09-08,-0.019441650035476935
2022-09-09,-0.0025076205920537384
2022-09-12,-0.01237500082759849
2022-09-13,-0.0007959814839635692
2022-09-14,0.003344074546178027
2022-09-15,-0.020703322067212204
2022-09-16,0.008688596625041605
2022-09-19,0.005923550062741838
2022-09-20,0.0012022225243544906
2022-09-21,0.014321971371810828
2022-09-22,-0.007099860931092973
2022-09-23,-0.001483499879922359
2022-09-26,0.0036067373134508326
2022-09-27,0.012997847082791114
2022-09-28,-0.013326268613934707
2022-09-29,0.021550782658608644
2022-09-30,-0.0020030537938253734
2022-10-03,0.013338338642130245
2022-10-04,0.01345674562007994
2022-10-05,-0.012465219846931233
2022-10-06,-0.022688998870449263
2022-10-07,-0.004047253022845136
2022-10-10,0.01140242582602299
2022-10-11,0.007238543734898046
2022-10-12,-0.004216367796367677
2022-10-13,0.00605175934460153
2022-10-14,-0.019713925266149884
2022-10-17,-0.015225703764405935
2022-10-18,-0.008185082626264648
2022-10-19,-0.015651263473343766
2022-10-20,0.006573726950719477
2022-10-21,0.0019493267082636898
2022-10-24,-0.006250462513738018
2022-10-25,0.019445544746358782
2022-10-26,0.01657118164895302
2022-10-27,-0.012496796045665446
2022-10-28,-0.008842923596043857
2022-10-31,-0.0036436289858094457
2022-11-01,0.02385636956602455
2022-11-02,0.005994820859692384
2022-11-03,-0.020213415940719827
2022-11-04,0.0038218723279854813
2022-11-07,-0.00018780218881578065
2022-11-08,0.0061482445462315094
2022-11-09,-0.018500580890097727
2022-11-10,-0.0021559576797962375
2022-11-11,0.014746909719063688
2022-11-14,0.004712796969408882
2022-11-15,0.004438123970825842
2022-11-16,-0.004372775245709219
2022-11-17,0.0046346769213860585
2022-11-18,-0.0011263669724326246
2022-11-21,-0.014617653103323778
2022-11-22,-0.009348761670520012
2022-11-23,-0.0036341559063947358
2022-11-24,0.01183657325189155
2022-11-25,-0.00025874816601689256
2022-11-28,0.018281231008388098
2022-11-29,0.03525852885106142
2022-11-30,0.0024332397630449643
2022-12-01,-0.010674878834569997
2022-12-02,-0.006955700255170186
2022-12-05,-0.0012883503339514036
2022-12-06,-0.007542967536361678
2022-12-07,-0.015258081540679268
2022-12-08,0.003206766914584184
2022-12-09,0.007505681254573388
2022-12-12,0.015138773429422513
2022-12-13,0.014485632511584716
2022-12-14,-0.009804949063756608
2022-12-15,-0.013802341607950179
2022-12-16,-0.01651457642646645
2022-12-19,-0.00011087138046957101
2022-12-20,-0.025340912070836816
2022-12-21,-0.0010697933666010749
2022-12-22,0.0017541946148222597
2022-12-23,-0.002583618028426691
2022-12-26,0.029786057407188392
2022-12-27,0.016039100604275942
2022-12-28,-0.012446745400991457
2022-12-29,-0.0036158041822375265
2022-12-30,0.0070195352061648
2023-01-02,0.0023290390510291546
2023-01-03,-0.0007778396240916332
2023-01-04,-0.016563547599789882
2023-01-05,-0.005243218675676975
2023-01-06,-0.005237094729757635
2023-01-09,0.010949354894731379
2023-01-10,0.0074976882847259466
2023-01-11,6.810130872587526e-05
2023-01-12,0.017628885636764513
2023-01-13,0.014720022296948927
2023-01-16,-0.015618895973907532
2023-01-17,-0.0047578288563218715
2023-01-18,-0.02564476600395783
2023-01-19,-0.0003010152605101152
2023-01-20,-8.878094179211576e-05
2023-01-23,0.003568676610535993
2023-01-24,-0.004092730549056256
2023-01-25,0.007576586584568926
2023-01-26,-0.010230048977725994
2023-01-27,0.011665942098380178
2023-01-30,0.0011174637035099733
2023-01-31,0.004317602545384009
2023-02-01,-4.968286113269781e-05
2023-02-02,0.003000177883498846
2023-02-03,0.0022864872490394586
2023-02-06,0.01888518035585953
2023-02-07,0.004285962717542175
2023-02-08,0.018273955823043836
2023-02-09,-0.013675396735554329
2023-02-10,-0.02384044611326669
2023-02-13,-0.007741007622770792
2023-02-14,0.005761960477220225
2023-02-15,-0.0030610744134321817
2023-02-16,-0.005635754645791125
2023-02-17,0.0016443103826363067
2023-02-20,-0.01386783058180342
2023-02-21,0.00806421807874496
2023-02-22,0.006808259071241018
2023-02-23,-0.00017207622757333275
2023-02-24,0.012700390623075672
2023-02-27,0.006492633211784585
2023-02-28,0.01149178985958037
2023-03-01,0.011960549748436838
2023-03-02,0.01835831978991797
2023-03-03,0.021301496450404002
2023-03-06,0.011405916154780801
2023-03-07,0.014075393769454584
2023-03-08,0.01207847028964212
2023-03-09,-0.00583139916155327
2023-03-10,-0.009006313916838251
2023-03-13,0.0027960465793963204
2023-03-14,-0.0032538882660860177
2023-03-15,0.012667076917386447
2023-03-16,0.0028987611075607486
2023-03-17,0.004173704600079258
2023-03-20,-0.004402964925910403
2023-03-21,0.010998542060278688
2023-03-22,0.005802359988047269
2023-03-23,0.016566616533282005
2023-03-24,-0.02652458402719675
2023-03-27,-0.010773521681842318
2023-03-28,0.001389392135002878
2023-03-29,-0.018444812074885533
2023-03-30,0.02022431796951229
2023-03-31,-0.006473100875056967
2023-04-03,0.007474156568418748
2023-04-04,0.01499831724725846
2023-04-05,0.003139057858511902
2023-04-06,-0.00040621149315105565
2023-04-07,-0.0005764693974676994
2023-04-10,0.007914577850314894
2023-04-11,-0.0004963440375950409
2023-04-12,-0.03431706225815892
2023-04-13,0.010605386426373396
2023-04-14,0.0033967850831368206
2023-04-17,-0.011994237943540443
2023-04-18,0.0090029072466643
2023-04-19,0.004326131736481222
2023-04-20,-0.010938836499879675
2023-04-21,-0.026295471700899218
2023-04-24,-0.009098367894187222
2023-04-25,0.012971705792973603
2023-04-26,-0.002964068651401715
2023-04-27,0.0092924567702295
2023-04-28,-0.0035156591448994925
2023-05-01,0.0018394284183265066
2023-05-02,-0.00784590157609868
2023-05-03,-0.011970246077373093
2023-05-04,-0.014462118210860365
2023-05-05,0.015001128176929262
2023-05-08,-0.0008659877151296295
2023-05-09,0.011183320768484705
2023-05-10,0.004824802507114558
2023-05-11,0.010679306473650313
2023-05-12,0.0025082546026144775
2023-05-15,-0.01088707341457167
2023-05-16,-0.007929886708713117
2023-05-17,0.007114183470900537
2023-05-18,0.004500076984330696
2023-05-19,-0.009221267537448542
2023-05-22,-0.01286531688302429
2023-05-23,0.0016939134775076118
2023-05-24,0.01723888849034627
2023-05-25,0.010078220707674633
2023-05-26,-0.0038541889546620627
2023-05-29,-0.0029466920019781736
2023-05-30,0.025901409627238497
2023-05-31,-0.021332686585379727
2023-06-01,0.008119950025183516
2023-06-02,0.015947438051630493
2023-06-05,0.0012660039441265893
2023-06-06,0.006963508730105696
2023-06-07,0.001390159336266484
2023-06-08,-0.013580533294780907
2023-06-09,0.02827069945120043
2023-06-12,-0.0007754646670495853
2023-06-13,0.0020333328802739845
2023-06-14,0.0012550814952075368
2023-06-15,0.005834389195204589
2023-06-16,-0.006433980249439
2023-06-19,0.01595675541910666
2023-06-20,-0.012496581600747748
2023-06-21,-0.0030756343934321903
2023-06-22,0.002676605192298437
2023-06-23,-0.022074169974462873
2023-06-26,-0.0008729990348435687
2023-06-27,-0.012921972308851773
2023-06-28,0.005128005121956311
2023-06-29,-0.004469174149306818
2023-06-30,0.023101740094159436
2023-07-03,-0.017354399994590656
2023-07-04,-0.009471119930705341
2023-07-05,-0.007834544164688486
2023-07-06,0.014060215571916466
2023-07-07,0.003489968477845893
2023-07-10,0.013143192162816193
2023-07-11,0.0031953678150816083
2023-07-12,-0.013083369434194561
2023-07-13,0.006072185459976533
2023-07-14,-0.006310858548379384
2023-07-17,-0.02032651329279656
2023-07-18,-0.010835432674547401
2023-07-19,-0.015656780743051817
2023-07-20,0.012259520313848348
2023-07-21,0.001512034771745464
2023-07-24,0.003929866020842311
2023-07-25,0.00015901438865206698
2023-07-26,0.015433130528706271
2023-07-27,0.025663193597569738
2023-07-28,-0.004414584767039669
2023-07-31,-0.01145789899422332
2023-08-01,-0.026249120005858932
2023-08-02,-0.009319246133984296
2023-08-03,0.009674227288583187
2023-08-04,0.015648738476483726
2023-08-07,-0.005553868970631206
2023-08-08,-0.009087013241133186
2023-08-09,-0.013943911166053901
2023-08-10,-0.0009119762494884786
2023-08-11,-0.004322980444235524
2023-08-14,-0.013821336273308147
2023-08-15,0.020308284776799284
2023-08-16,-0.004615803307334118
2023-08-17,-0.00017992675271653012
2023-08-18,-0.00143430272037627
2023-08-21,0.005794162681791452
2023-08-22,-0.021799520076153663
2023-08-23,0.009409130218894807
2023-08-24,-0.0008679514291227734
2023-08-25,0.005351166048649563
2023-08-28,0.010829780791027064
2023-08-29,0.025353074185066004
2023-08-30,0.015291919276496868
2023-08-31,0.021065878283227688
2023-09-01,0.011681400201836258
2023-09-04,0.004036199811427308
2023-09-05,0.017761225517666186
2023-09-06,0.014422244915259974
2023-09-07,0.011395522913186427
2023-09-08,0.0008226259460969768
2023-09-11,0.0018276442938471701
2023-09-12,-0.021416723953750803
2023-09-13,0.013475337417316217
2023-09-14,0.0027798796640311238
2023-09-15,0.015625094792866355
2023-09-18,0.0009635038184168743
2023-09-19,-0.012938681208965814
2023-09-20,0.0022684301288319443
2023-09-21,0.001795949739515041
2023-09-22,0.004508618466489791
2023-09-25,5.509630144799691e-05
2023-09-26,0.027620508245828727
2023-09-27,-0.007864968034668227
2023-09-28,0.0072650640029647525
2023-09-29,0.0020089431421678504
2023-10-02,0.0061747920189979665
2023-10-03,0.0011042782642714812
2023-10-04,-0.010550036982524234
2023-10-05,0.0011077881305620592
2023-10-06,-0.003323988601584024
2023-10-09,0.011993272575437176
2023-10-10,-0.018915347061353435
2023-10-11,-0.004116001248168068
2023-10-12,0.025739323830591337
2023-10-13,-0.0012646585301098918
2023-10-16,-0.018539703368212573
2023-10-17,-0.026604043238604647
2023-10-18,-0.0012915992388636563
2023-10-19,-0.0022858024758475523
2023-10-20,0.00033238365357607033
2023-10-23,0.005167727305955766
2023-10-24,-0.020185516280035398
2023-10-25,-0.007063893506083712
2023-10-26,-0.002943711655639256
2023-10-27,-0.017009763118450122
2023-10-30,0.0014510802790726578
2023-10-31,-0.02539728255972094
2023-11-01,-0.012474883338479563
2023-11-02,-0.021956230749228613
2023-11-03,-0.009482508743111313
2023-11-06,0.0194904714410924
2023-11-07,-0.011438586807605724
2023-11-08,-0.005603217166645717
2023-11-09,0.02133128671765362
2023-11-10,-0.008410742912864875
2023-11-13,-0.003226853445155081
2023-11-14,0.013798359596866832
2023-11-15,0.01734766939920745
2023-11-16,0.046401665061081426
2023-11-17,-0.014972190517751149
2023-11-20,-0.024962418354516534
2023-11-21,0.012539311334744624
2023-11-22,-0.02454571303870866
2023-11-23,-0.01742622437120632
2023-11-24,-0.008788353641252874
2023-11-27,-0.01851354891719411
2023-11-28,-0.02477564156062152
2023-11-29,-0.011294019285513284
2023-11-30,0.01706282957242235
2023-12-01,-0.01977413328822235
2023-12-04,-0.01117301453827403
2023-12-05,0.012096276783747062
2023-12-06,0.00710614570191083
2023-12-07,0.010115936973371351
2023-12-08,-0.0014938151742236582
2023-12-11,-0.012815215151795366
2023-12-12,0.01356813985287483
2023-12-13,0.006111646659163346
2023-12-14,0.013706684309744558
2023-12-15,0.010943490052493373
2023-12-18,0.007325585438105738
2023-12-19,0.004640316867783099
2023-12-20,-0.007412939142964328
2023-12-21,-0.0010776141909525864
2023-12-22,0.006923853922492542
2023-12-25,0.00628109462212894
2023-12-26,0.02980322725325701
2023-12-27,-0.0034419696559702326
2023-12-28,-0.0017005974233538857
2023-12-29,0.02290924947003355
2024-01-01,0.006311698887338477
2024-01-02,0.0019290039958563023
2024-01-03,0.02899356253676049
2024-01-04,-0.008906371290430237
2024-01-05,-0.0028560315072384966
2024-01-08,0.007505875258175074
2024-01-09,0.014160957847829052
2024-01-10,0.01568265962657803
2024-01-11,0.009862414627308845
2024-01-12,2.2597318004738062e-05
2024-01-15,-0.006972552666272992
2024-01-16,-0.004590658865912606
2024-01-17,0.014642997658908282
2024-01-18,0.0009291583969899316
2024-01-19,-0.02032277346317621
2024-01-22,-0.014471808359081505
2024-01-23,0.016927653373209076
2024-01-24,0.002974397301608275
2024-01-25,0.005519401323348528
2024-01-26,-0.00389087823468776
2024-01-29,0.005309822170120567
2024-01-30,0.005272303564697236
2024-01-31,0.018566076067357204
2024-02-01,-0.003956611370073435
2024-02-02,-0.02142201797120537
2024-02-05,-0.001177437913174025
2024-02-06,0.004758473147280961
2024-02-07,0.006797459154672078
2024-02-08,-0.011995349138508079
2024-02-09,0.015218444276845131
2024-02-12,-0.02024816640217515
2024-02-13,0.0052106373836133466
2024-02-14,0.0006345818308094091
2024-02-15,-0.010242425608817921
2024-02-16,-0.00035117650519714315
2024-02-19,-0.01394818367243042
2024-02-20,-0.018280555009100342
2024-02-21,0.011655127335179115
2024-02-22,0.003196073957959281
2024-02-23,0.0005560087996499315
2024-02-26,-0.006803162082325506
2024-02-27,0.009762924433974772
2024-02-28,-0.021944113867913156
2024-02-29,0.0054887243891225
2024-03-01,-0.014991338395647277
2024-03-04,-0.00897243237375302
2024-03-05,0.006205657136816194
2024-03-06,0.00267764175786391
2024-03-07,0.021634388451252946
2024-03-08,-0.011813029337211324
2024-03-11,0.005262462774810839
2024-03-12,0.001549007281864698
2024-03-13,0.00046306457941404063
2024-03-14,0.0022981866983402635
2024-03-15,0.013519157637841155
2024-03-18,-0.0033524413137477273
2024-03-19,0.022612140755118706
2024-03-20,0.016649043731251936
2024-03-21,0.010595719486885383
2024-03-22,0.013005729901961858
2024-03-25,-0.009595078693271235
2024-03-26,0.018818835757213125
2024-03-27,0.005413070495040069
2024-03-28,0.0022395341586003478
2024-03-29,-0.0141503423205753
2024-04-01,0.012236774800830094
2024-04-02,-0.0005172073441605711
2024-04-03,0.007524063439902248
2024-04-04,0.007907964515276825
2024-04-05,0.007645992296549251
2024-04-08,0.016630779015484667
2024-04-09,0.0005972281283782724
2024-04-10,0.024882049432719027
2024-04-11,-0.00971375184017502
2024-04-12,0.001698277162205693
2024-04-15,-0.010924164823348086
2024-04-16,0.009330014351712927
2024-04-17,-0.019579740865964094
2024-04-18,-2.510666502922483e-05
2024-04-19,-0.0035219896372793882
2024-04-22,0.028339406266508084
2024-04-23,-0.014630869095889707
2024-04-24,-0.01599636372810256
2024-04-25,0.01585649891094997
2024-04-26,0.0025029519038873007
2024-04-29,-0.006292165080711034
2024-04-30,0.012649076635774595
2024-05-01,-0.010797927767201121
2024-05-02,-0.009416157044236819
2024-05-03,-0.009880556656562433
2024-05-06,-0.024120515742782355
2024-05-07,-0.012873396595320143
2024-05-08,0.014658877807177466
2024-05-09,0.008359398902542722
2024-05-10,-0.032110610061345676
2024-05-13,0.006521458357769533
2024-05-14,0.002533273859544392
2024-05-15,0.016465525576414876
2024-05-16,2.9377699197714185e-05
2024-05-17,-0.006025686075004661
2024-05-20,0.0023882284608318597
2024-05-21,-0.006278112329377065
2024-05-22,-0.030494726739655618
2024-05-23,-0.012074266128665693
2024-05-24,0.013241542668391303
2024-05-27,0.01536177253840403
2024-05-28,-0.006446004689952107
2024-05-29,0.0028431581400484613
2024-05-30,-0.0013305282260554546
2024-05-31,-0.010481867905852135
2024-06-03,-0.0020889578391061325
2024-06-04,0.0037255972347929665
2024-06-05,-0.006041240976099158
2024-06-06,0.026663223872307948
2024-06-07,-0.013888948564163114
2024-06-10,0.008999594872312191
2024-06-11,0.0069945134919539576
2024-06-12,-0.011513471495373385
2024-06-13,0.0202039776574348
2024-06-14,-0.013805116973134302
2024-06-17,-0.0033010057201464356
2024-06-18,-0.022289777621436073
2024-06-19,0.010174534729582078
2024-06-20,-0.00791467289640967
2024-06-21,0.002900071460719948
2024-06-24,0.006419066717946974
2024-06-25,-0.011439823578525526
2024-06-26,-0.0012658032741022307
2024-06-27,-0.0002703009085582795
2024-06-28,0.0122198308627801
2024-07-01,0.01452236895347286
2024-07-02,-0.0025566588166928556
2024-07-03,-0.01652600079800833
2024-07-04,-0.00675436307146947
2024-07-05,-0.011988414734756205
2024-07-08,-0.0009225334818151378
2024-07-09,-0.006797246825332103
2024-07-10,-0.02698020321038242
2024-07-11,0.010329537244586687
2024-07-12,0.0023029473377495857
2024-07-15,-0.006965411050470591
2024-07-16,-0.008241673682949787
2024-07-17,-0.009188738197921965
2024-07-18,-0.005603524980749653
2024-07-19,-0.008093125572739794
2024-07-22,0.029617421539311406
2024-07-23,-0.004595103353361806
2024-07-24,-0.0018202547729957554
2024-07-25,-0.005015821067100426
2024-07-26,0.016901081917059788
2024-07-29,-0.005267815522913739
2024-07-30,-0.011670967309294945
2024-07-31,-0.008830739520072106
2024-08-01,0.020542351176625624
2024-08-02,0.0008036881628366325
2024-08-05,0.017558342355635335
2024-08-06,0.005367972408011205
2024-08-07,-0.005692485577462999
2024-08-08,-0.004128688698047037
2024-08-09,0.014852637679266707
2024-08-12,0.006976940859199879
2024-08-13,0.007739218859757513
2024-08-14,0.018262673400544518
2024-08-15,-0.002467465155257513
2024-08-16,0.01398576619935589
2024-08-19,-0.010968617552860304
2024-08-20,0.0013600199979597774
2024-08-21,0.006597230707936984
2024-08-22,-0.005198574457095959
2024-08-23,0.01635930377770803
2024-08-26,-0.008492991262996932
2024-08-27,0.012619612046570097
2024-08-28,-0.01698407308418008
2024-08-29,-0.007921466305453406
2024-08-30,0.02411363899461199
2024-09-02,0.0003075546260898766
2024-09-03,-0.0011049406587879205
2024-09-04,-0.005563028643539436
2024-09-05,-0.0020211106507841336
2024-09-06,0.0026476223765987484
2024-09-09,0.008804664764181565
2024-09-10,-0.011122188876176251
2024-09-11,-0.004707878827596528
2024-09-12,0.012994950690141716
2024-09-13,0.004250676350308425
2024-09-16,-0.006831416212660273
2024-09-17,-0.006408201947263804
2024-09-18,0.010230318224163162
2024-09-19,0.000969938288965088
2024-09-20,0.0062479080999328605
2024-09-23,-0.0056844877945799975
2024-09-24,-0.0024054042516266083
2024-09-25,0.004412373160646261
2024-09-26,-0.005849949099433379
2024-09-27,0.016408520498952167
2024-09-30,-0.004532615213622762
2024-10-01,-0.006718625895819074
2024-10-02,0.005807515693888967
2024-10-03,-0.012269182700946856
2024-10-04,-0.006422523702069462
2024-10-07,-0.011816848607203851
2024-10-08,-0.00419855137716618
2024-10-09,0.01843825448888988
2024-10-10,-0.02182420213944518
2024-10-11,0.0038077130741795955
2024-10-14,0.015949014729174135
2024-10-15,0.02799182379379473
2024-10-16,-0.014781462681484218
2024-10-17,0.004211362620643512
2024-10-18,-0.010967945108488465
2024-10-21,-0.010659517994428845
2024-10-22,0.011275310446805381
2024-10-23,0.000276171751677521
2024-10-24,0.011298437792422622
2024-10-25,-0.010385479835927103
2024-10-28,-0.0032490051810984792
2024-10-29,0.01818764607336199
2024-10-30,0.007015337250571976
2024-10-31,-0.00010749437896815685
2024-11-01,0.010070327544826143
2024-11-04,0.0010371845834687013
2024-11-05,0.015487600135789311
2024-11-06,-0.0019881939788705394
2024-11-07,0.002415433596310786
2024-11-08,-0.012107599597769695
2024-11-11,-0.008693919316626088
2024-11-12,0.014424720975445744
2024-11-13,-0.008329852214428881
2024-11-14,-0.021251831561013124
2024-11-15,-0.0030398442127908777
2024-11-18,0.02530391177334556
2024-11-19,0.0020636944037907244
2024-11-20,-0.014686749717738638
2024-11-21,0.01339176371914022
2024-11-22,0.025316925974311663
2024-11-25,0.005744196964428697
2024-11-26,-0.003047675614836273
2024-11-27,0.0023165966229153397
2024-11-28,0.008759009770624493
2024-11-29,0.008534783156616772
2024-12-02,-0.0059443872794225925
2024-12-03,0.0021619228314420516
2024-12-04,0.017606227745753687
2024-12-05,0.00509424599042923
2024-12-06,0.0184126244247773
2024-12-09,-0.016960114521790998
2024-12-10,-0.0031661597654742014
2024-12-11,0.005042398227018072
2024-12-12,0.02176613301353058
2024-12-13,0.021733388341547945
2024-12-16,-0.016886686481206715
2024-12-17,0.00340957050559641
2024-12-18,-0.04220023080811699
2024-12-19,-0.011653986536477107
2024-12-20,0.016964519169209227
2024-12-23,0.0025429243866649937
2024-12-24,-0.00995671907061289
2024-12-25,-8.43072259455865e-05
2024-12-26,-0.01726299441839884
2024-12-27,-0.0017600387758636643
2024-12-30,-0.011641846118568642
2024-12-31,-0.0016438464605669412
2025-01-01,-0.005454777966542829
2025-01-02,-0.007211340934555036
2025-01-03,-0.010814386981518452
2025-01-06,-0.010183698661891784
2025-01-07,0.016898428427405833
2025-01-08,-0.014524357576540945
2025-01-09,0.025012273973208522
2025-01-10,0.005196165128706417
2025-01-13,-0.0059835556404998404
2025-01-14,0.01131890704702641
2025-01-15,0.009078011713103618
2025-01-16,0.01815614652823058
2025-01-17,0.00034390296450177715
2025-01-20,0.004642228047347322
2025-01-21,-0.009078007351210903
2025-01-22,-0.014163694626437245
2025-01-23,0.019889296772908044
2025-01-24,-0.018665713068010972
2025-01-27,0.0036152466809235137
2025-01-28,-0.010032046926613117
2025-01-29,-0.011634705726390386
2025-01-30,-0.001287148248611623
2025-01-31,-0.004543526746413636
2025-02-03,-0.033163166502302104
2025-02-04,0.02126838262495976
2025-02-05,-0.007599314086704028
2025-02-06,0.017973752342317607
2025-02-07,0.013695728923866585
2025-02-10,-0.0022539022973021294
2025-02-11,0.010414408907084498
2025-02-12,0.012278513511308162
2025-02-13,-0.00931594471654345
2025-02-14,-0.014340334166834712
2025-02-17,-0.019680666364204114
2025-02-18,-0.01603250698316297
2025-02-19,-0.004328536618424012
2025-02-20,-0.01774535608014382
2025-02-21,-0.0005229609199528858
2025-02-24,0.009977705359367673
2025-02-25,-0.01404061438096836
2025-02-26,0.027355541197368584
2025-02-27,0.008551638851881156
2025-02-28,0.028520259946961425
2025-03-03,0.005083788472595165
2025-03-04,0.007915262771500947
2025-03-05,-0.01734747490521292
2025-03-06,-0.0104955920285038
2025-03-07,-0.007792251846410179
2025-03-10,0.019968158340684695
2025-03-11,0.008124849108314564
2025-03-12,-0.0010756595714291094
2025-03-13,-0.01808290770261569
2025-03-14,0.0005741244604732976
2025-03-17,0.015525797168025974
2025-03-18,-0.0032629817165109594
2025-03-19,0.01596307052553819
2025-03-20,0.0036783709236767664
2025-03-21,0.00994961054923971
2025-03-24,0.011802552726291098
2025-03-25,0.02107195682480575
2025-03-26,0.009758988514705377
2025-03-27,0.004433054430552568
2025-03-28,0.0040046611600840715
2025-03-31,-0.01489609943081861
2025-04-01,0.0014952711174914864
2025-04-02,-0.0038694780975131434
2025-04-03,-0.0061485849778845185
2025-04-04,-0.0002472598192973527
2025-04-07,0.014464621735312771
2025-04-08,0.0017405727879749953
2025-04-09,-0.0014581760277445734
2025-04-10,0.016001226111534126
2025-04-11,-0.012063002576258641
2025-04-14,-0.00392145275404703
2025-04-15,0.006846356414896705
2025-04-16,0.011548756926839014
2025-04-17,0.012895630203553509
2025-04-18,-0.0022420396613079927
2025-04-21,0.009071736356694563
2025-04-22,-0.010220953704481504
2025-04-23,0.00523395639742886
2025-04-24,0.0005075992521099517
2025-04-25,0.006161353036726101
2025-04-28,0.006795846767347163
2025-04-29,-0.00914886393769843
2025-04-30,-0.006281808650730617
2025-05-01,-0.012923183865777618
2025-05-02,0.018095956507533907
2025-05-05,-0.0061333431854397125
2025-05-06,0.009477724258076673
2025-05-07,0.008872819522416302
2025-05-08,-0.00832315429401197
2025-05-09,0.0038226197163166178
2025-05-12,-0.007683950268053552
2025-05-13,0.0037369633400544996
2025-05-14,0.005170251844673629
2025-05-15,0.010885853360336848
2025-05-16,-0.0046188777192949625
2025-05-19,0.006186882601668202
2025-05-20,-0.004453539690531223
2025-05-21,0.017961065255633235
2025-05-22,-0.00014275222015282425
2025-05-23,0.007357344789136038
2025-05-26,-0.016743398262670968
2025-05-27,-0.002614179422832972
2025-05-28,0.015588030609292886
2025-05-29,0.01741225889691144
2025-05-30,-0.009164790612799966
2025-06-02,-0.014651114297434101
2025-06-03,0.004328549188195673
2025-06-04,0.012894012699431025
2025-06-05,0.014967265889518125
2025-06-06,-0.007888098096971724
2025-06-09,0.002032954605706198
2025-06-10,-0.027366920958079577
2025-06-11,0.0032569323719849382
2025-06-12,-0.015447796733227142
2025-06-13,-0.005807367604475307
2025-06-16,0.011249314221840627
2025-06-17,0.004865583430871319
2025-06-18,0.009569076004881518
2025-06-19,-0.019631141778762313
2025-06-20,-0.012195210068821394
2025-06-23,-0.019399598220847986
2025-06-24,-0.0033993631854491984
2025-06-25,0.004599486777583364
2025-06-26,0.01325696079293541
2025-06-27,0.0031120736199830856
2025-06-30,-0.017366614535122255
2025-07-01,0.004191744560988156
2025-07-02,-0.01284855286740303
2025-07-03,-0.011642953619904833
2025-07-04,0.001024304759948527
2025-07-07,-0.008849064468669461
2025-07-08,0.012250953590086058
2025-07-09,-0.0033380613091665745
2025-07-10,-0.01094880641760091
2025-07-11,0.0032045217003996047
2025-07-14,-0.0008143175169869904
2025-07-15,0.0005520413889275964
2025-07-16,0.0002809918573403857
2025-07-17,-0.0039802310258040385
2025-07-18,-0.018781644828985082
2025-07-21,0.013913589395978901
2025-07-22,-0.018807190523590887
2025-07-23,-0.012341086842017434
2025-07-24,-0.006008577407479302
2025-07-25,0.017222069792143493
2025-07-28,0.011941843223333061
2025-07-29,0.01886439002139921
2025-07-30,-0.00932700756131201
2025-07-31,0.010223740848328333
2025-08-01,-0.027577903074631337
2025-08-04,-0.0033555103284353648
2025-08-05,0.0061946260191437065
2025-08-06,-0.02253204439159344
2025-08-07,0.017890478956776534
2025-08-08,0.015886220418889298
2025-08-11,0.012445526145397786
2025-08-12,0.007748748429831889
2025-08-13,0.015305357782718552
2025-08-14,0.0021003076055352747
2025-08-15,-0.013828238169801672
2025-08-18,-0.008511082986643046
2025-08-19,0.012171539162224427
2025-08-20,0.0006583891911360693
2025-08-21,0.008984571919428141
2025-08-22,0.013892347595987894
2025-08-25,-0.008086119314259475
2025-08-26,0.020556617885412597
2025-08-27,-0.0020854111400765603
2025-08-28,-0.016099058325766063
2025-08-29,-0.0012853321868772168
2025-09-01,-0.0019318350195941872
2025-09-02,0.012200121665627412
2025-09-03,-0.006331542835714484
2025-09-04,0.008170992457687706
2025-09-05,-0.031293636755574096
2025-09-08,0.0022134383116639
2025-09-09,-0.0023800303627151947
2025-09-10,-0.002282580608429425
2025-09-11,0.010891875086982333
2025-09-12,0.0058047029669785
2025-09-15,0.007639680443931877
2025-09-16,-0.021270056858405512
2025-09-17,-0.01797580182262312
2025-09-18,0.021131826989776458
2025-09-19,0.0029437123485183837
2025-09-22,-0.0005428634052016909
2025-09-23,-0.004242522154118871
2025-09-24,-0.0073008408518546765
2025-09-25,0.0003212155573421617
2025-09-26,0.006746996173275155
2025-09-29,-0.0019818041984764846
2025-09-30,0.017646016661500976
2025-10-01,0.0013773828095490735
2025-10-02,0.015245951494422486
2025-10-03,0.01927880061794921
2025-10-06,0.00984485358281574
2025-10-07,0.022369423921403484
2025-10-08,0.0030259663419003333
2025-10-09,0.004431589662501853
2025-10-10,-0.00836738470330195
2025-10-13,0.031034935396776132
2025-10-14,-0.017204145092574927
2025-10-15,-0.019546797265253792
2025-10-16,-0.012832537189491632
2025-10-17,-0.0047645611549564084
2025-10-20,0.014474034492174164
2025-10-21,-0.005406914527862781
2025-10-22,-0.015595392714793693
2025-10-23,0.001394269623307764
2025-10-24,0.012074648992045536
2025-10-27,-0.005834264157366413
2025-10-28,-0.009081444594706212
2025-10-29,0.002704373024991034
2025-10-30,-0.0024040595964448692
2025-10-31,-0.0041402974496638255
2025-11-03,-0.014072658479550056
2025-11-04,-0.019867620858955583
2025-11-05,-0.013673668030297117
2025-11-06,0.008669913818668074
2025-11-07,0.0062026422468576614
2025-11-10,0.0004620540877764484
2025-11-11,0.005629248622871163
2025-11-12,0.00997377034978705
2025-11-13,0.010007720136499558
2025-11-14,-0.0025405491538706406
2025-11-17,0.003925174615672122
2025-11-18,-0.024223028944515123
2025-11-19,-0.005655819868474231
2025-11-20,0.018790424074078854
2025-11-21,0.0005737299825320239
2025-11-24,-0.011286484299091813
2025-11-25,-0.0031895518365488997
2025-11-26,0.006854220248012654
2025-11-27,-0.039801888178752666
2025-11-28,-9.245035627384289e-05
2025-12-01,-2.0177905792256867e-05
2025-12-02,0.004797927609274346
2025-12-03,-0.0008712270451253978
2025-12-04,0.009545023591540327
2025-12-05,-0.003145378806011701
2025-12-08,-0.005626088203398532
2025-12-09,0.006727776593790219
2025-12-10,-0.004830141938138492
2025-12-11,0.005300671519068497
2025-12-12,0.030097644297568775
2025-12-15,-0.004714510651766068
2025-12-16,0.016084563709974343
2025-12-17,0.011428979118255963
2025-12-18,-0.035759138618346425
2025-12-19,0.02295344349907554
2025-12-22,-0.003536810572648656
2025-12-23,-0.009525251394069659
2025-12-24,0.0031941992580175322
2025-12-25,-0.009652825845825979
2025-12-26,-0.016928834197222853
2025-12-29,-0.00024252076902617876
2025-12-30,0.020324088001292585
2025-12-31,-0.01173407958247162
